,ds,ticker,open,high,low,close,volume,SMA,EMA,RSI,MACD,%K,%D
0,2024-09-19,AMZN,190.0399932861328,190.9900054931641,188.47000122070312,189.8699951171875,39543200,,189.8699951171875,,0.0,,
1,2024-09-20,AMZN,190.22999572753903,191.83999633789065,187.41000366210935,191.6000061035156,100378600,,190.03475806826637,100.0,0.13800657440791042,,
2,2024-09-23,AMZN,191.63999938964844,194.4499969482422,190.57000732421875,193.8800048828125,36993100,,190.40097205060408,100.0,0.42643890342461077,,
3,2024-09-24,AMZN,194.2700042724609,195.3699951171875,190.1300048828125,193.9600067138672,43478900,,190.7399277328196,100.0,0.6539408582264059,,
4,2024-09-25,AMZN,193.75,193.9499969482422,192.16000366210935,192.52999877929688,26391100,,190.91041068962696,74.09415081822202,0.7106561060030856,,
5,2024-09-26,AMZN,194.30999755859372,194.52999877929688,189.5399932861328,191.16000366210935,36334900,,190.934181448911,59.361435430434,0.63770512433166,,
6,2024-09-27,AMZN,190.67999267578125,190.8999938964844,187.33999633789065,187.97000122070312,36002300,,190.65187857003409,40.57544307936374,0.31880937271810694,,
7,2024-09-30,AMZN,187.13999938964844,188.4900054931641,184.6499938964844,186.3300018310547,41583900,,190.24027126155988,34.8976607996792,-0.06549704350621255,,
8,2024-10-01,AMZN,184.8999938964844,186.19000244140625,183.4499969482422,185.1300048828125,36044900,,189.75357922548872,31.65640360636145,-0.46157166127957794,,
9,2024-10-02,AMZN,184.44000244140625,186.6000061035156,184.0399932861328,184.75999450683597,23704100,189.71900177001953,189.27799972847419,30.775050948649564,-0.7961429540713141,,
10,2024-10-03,AMZN,183.0500030517578,183.44000244140625,180.8800048828125,181.9600067138672,30204300,188.9280029296875,188.58104801279734,25.419568979824092,-1.2725594552239272,,
11,2024-10-04,AMZN,185.75,187.6000061035156,183.6000061035156,186.50999450683597,40890300,188.41900177001952,188.3838048217534,41.860463397017675,-1.2683561554887604,,
12,2024-10-07,AMZN,182.9499969482422,183.6000061035156,180.25,180.8000030517578,42364200,187.11100158691406,187.66153798651573,32.78938289034576,-1.7061066645858034,,
13,2024-10-08,AMZN,181.9199981689453,183.08999633789065,180.9199981689453,182.72000122070312,26372100,185.98700103759765,187.19091543739071,37.3540914836817,-1.8764685295797392,16.335992184913977,
14,2024-10-09,AMZN,182.82000732421875,185.8500061035156,182.0500030517578,185.1699981689453,26343100,185.2510009765625,186.9984471261102,42.350261888027674,-1.7931173164863594,32.539680937810324,
15,2024-10-10,AMZN,187.1300048828125,188.1300048828125,185.8300018310547,186.6499938964844,27785000,184.8,186.96526110424105,41.87722847642334,-1.5893169368917484,42.32801563017223,30.401229584298846
16,2024-10-11,AMZN,186.6300048828125,189.92999267578125,186.3000030517578,188.82000732421875,25751600,184.88500061035157,187.14190360138178,41.666666666666686,-1.23842591662779,56.67996092456988,43.84921916418415
17,2024-10-14,AMZN,189.77999877929688,189.8300018310547,187.3600006103516,187.5399932861328,22614400,185.00599975585936,187.17981690469142,39.8288752782457,-1.051507565708448,51.05037751615102,50.019451356964375
18,2024-10-15,AMZN,187.6300048828125,188.41000366210935,184.5800018310547,187.69000244140625,32178900,185.26199951171876,187.2284060034262,42.00793174866335,-0.8811120297731065,52.100861886576325,53.27706677576574
19,2024-10-16,AMZN,187.0500030517578,187.77999877929688,185.6100006103516,186.88999938964844,23456800,185.475,187.19617680211402,42.81386181836864,-0.8013879982856622,62.34744784070085,55.16622908114274
20,2024-10-17,AMZN,188.22000122070312,188.94000244140625,186.0,187.52999877929688,25039400,186.03199920654296,187.2279693713695,49.18998088718947,-0.6787394411279593,75.20665586360397,63.21832186362705
21,2024-10-18,AMZN,187.1499938964844,190.7400054931641,186.27999877929688,188.9900054931641,37417700,186.28000030517578,187.39578233534996,54.929582244160926,-0.4584445722642556,83.3174539218268,73.62385254204388
22,2024-10-21,AMZN,188.0500030517578,189.4600067138672,186.3999938964844,189.07000732421875,24639400,187.10700073242188,187.55523233428983,57.61794281438927,-0.27424252526682835,84.08010205491684,80.8680706134492
23,2024-10-22,AMZN,188.3500061035156,191.5200042724609,186.97999572753903,189.6999969482422,29650600,187.80500030517578,187.7594956308567,59.45636172450043,-0.07654382869122855,83.85087281052728,83.74947626242364
24,2024-10-23,AMZN,188.8500061035156,189.16000366210935,183.69000244140625,184.7100067138672,31937100,187.75900115966797,187.46906811495293,54.85694142909809,-0.31884129219395163,39.57413507611123,69.16836998051845
25,2024-10-24,AMZN,185.25,187.1100006103516,183.8600006103516,186.3800048828125,21647400,187.73200225830078,187.36534780713004,49.7444168630267,-0.37182274109426316,54.39221436491929,59.27240741718594
26,2024-10-25,AMZN,187.8500061035156,190.4499969482422,187.52999877929688,187.8300018310547,29362100,187.63300170898438,187.40960057131335,66.60367104464618,-0.29342585486182315,65.18867625762597,53.05167523288549
27,2024-10-28,AMZN,189.57000732421875,190.2100067138672,188.2100067138672,188.38999938964844,27930800,187.71800231933594,187.50297188734524,64.31094018265861,-0.1839877386966009,66.9482103553511,62.17636699263212
28,2024-10-29,AMZN,188.5800018310547,191.4600067138672,187.82000732421875,190.8300018310547,35690200,188.0320022583008,187.81983188198424,64.29292532293887,0.0984951708748838,91.18771034420969,74.44153231906226
29,2024-10-30,AMZN,194.6999969482422,195.6100006103516,192.4199981689453,192.72999572753903,37707600,188.61600189208986,188.28746653394182,65.03461146340109,0.4702577023569745,75.8388814998671,77.99160073314262
30,2024-10-31,AMZN,190.50999450683597,190.6000061035156,185.22999572753903,186.3999938964844,75146800,188.50300140380858,188.10770723513636,45.036888960099375,0.2512081698174313,22.734831135615252,63.25380765989735
31,2024-11-01,AMZN,199.0,200.5,197.0200042724609,197.92999267578125,99687800,189.39700012207032,189.04316299138824,65.0014474483711,0.9964973769190237,84.71143547010874,61.09504936853036
32,2024-11-04,AMZN,196.4499969482422,197.3300018310547,194.30999755859372,195.77999877929688,38492100,190.06799926757813,189.6847663997605,61.04286377220194,1.397547842285718,71.92146397255051,59.7892435260915
33,2024-11-05,AMZN,196.0399932861328,199.82000732421875,195.9900054931641,199.5,30564800,191.0479995727539,190.61955055216424,65.94185760742798,1.992586932845228,94.05115915981337,83.56135286749087
34,2024-11-06,AMZN,200.00999450683597,207.5500030517578,199.13999938964844,207.08999633789065,72292200,193.28599853515624,192.18816443651914,71.03226924265829,3.041547900461836,98.0720590859181,88.01489407276067
35,2024-11-07,AMZN,207.44000244140625,212.25,207.19000244140625,210.0500030517578,52878400,195.6529983520508,193.88929192368474,71.93751140436265,4.064847793570067,92.2969287944487,94.80671568006005
36,2024-11-08,AMZN,209.72000122070312,209.9600067138672,207.44000244140625,208.17999267578125,36075800,197.68799743652343,195.25031104293203,69.19059428090898,4.671080810388162,85.74927285666354,92.03942024567677
37,2024-11-11,AMZN,208.5,209.6499938964844,205.58999633789065,206.83999633789065,35456000,199.53299713134766,196.35409059483283,66.97030155304313,4.98592371330119,81.0574085273986,86.3678700595036
38,2024-11-12,AMZN,208.3699951171875,209.5399932861328,206.00999450683597,208.91000366210935,38942900,201.34099731445312,197.54989183933534,75.43084911405711,5.340904649272716,88.23530676401322,85.01399604935845
39,2024-11-13,AMZN,209.3999938964844,215.08999633789065,209.13999938964844,214.1000061035156,46212900,203.47799835205078,199.1260931978287,77.12328562598361,5.972175894726973,96.68456056885726,88.65909195342302
40,2024-11-14,AMZN,214.16000366210935,215.8999938964844,210.8800048828125,211.47999572753903,42620300,205.98599853515626,200.30265534351543,72.62290516492453,6.1896989670736104,85.58852809642225,90.16946514309757
41,2024-11-15,AMZN,206.75999450683597,207.33999633789065,199.6100006103516,202.6100006103516,86591100,206.4539993286133,200.52240251178554,61.736544411677954,5.582007188571623,56.66777280870699,79.64695382466216
42,2024-11-18,AMZN,204.1499938964844,204.6699981689453,200.9499969482422,201.6999969482422,36409900,207.0459991455078,200.63455436287666,59.204057363726555,4.9696898940376855,53.700691894333744,65.318997599821
43,2024-11-19,AMZN,199.3300018310547,205.3000030517578,198.77999877929688,204.6100006103516,31197900,207.55699920654297,201.0131682912076,59.89010933173859,4.665456523570668,63.18880352081535,57.85242274128535
44,2024-11-20,AMZN,202.97999572753903,203.1300048828125,199.4499969482422,202.8800048828125,32769000,207.13600006103516,201.19096225231283,64.85755901291687,4.23592409239177,39.6943435751229,52.194612996757336
45,2024-11-21,AMZN,203.4900054931641,203.4900054931641,195.75,198.3800048828125,58800000,205.96900024414063,200.92325202664614,50.46460044550728,3.4921488361417232,18.85135717728618,40.57816809107481
46,2024-11-22,AMZN,198.25,199.25999450683597,196.75,197.1199951171875,31530800,204.86300048828124,200.56103708288816,51.40933449395042,2.7691087670510512,6.798985271288468,21.78156200789918
47,2024-11-25,AMZN,199.27999877929688,201.9499969482422,199.0,201.4499969482422,40685700,204.3240005493164,200.6456999272076,52.02491728095258,2.5164808388498727,28.287834614365188,17.979392354313273
48,2024-11-26,AMZN,201.8999938964844,208.0,201.7899932861328,207.8600006103516,41673700,204.21900024414063,201.33277618274514,50.81967585907352,2.8012144540303154,60.09927681647804,31.728698900710558
49,2024-11-27,AMZN,206.97999572753903,207.63999938964844,205.0500030517578,205.7400054931641,28061600,203.38300018310548,201.75251230754697,45.32842591471626,2.82325725482022,49.57820605050933,45.988439160450845
50,2024-11-29,AMZN,205.8300018310547,208.1999969482422,204.58999633789065,207.88999938964844,24892400,203.02400054931644,202.33703488679473,49.687574695210664,2.979862868209125,60.24815417818324,56.641879015056865
51,2024-12-02,AMZN,209.9600067138672,212.9900054931641,209.50999450683597,210.7100067138672,39523200,203.834001159668,203.13446077508735,54.04051781077772,3.2935588718764848,74.24323198667211,61.35653073845489
52,2024-12-03,AMZN,210.30999755859372,214.0200042724609,209.6499938964844,213.44000244140625,32214800,205.00800170898438,204.11594093378437,54.66529049517662,3.7195760966403384,87.79160198402168,74.09432938295902
53,2024-12-04,AMZN,215.9600067138672,220.0,215.75,218.16000366210935,48745700,206.36300201416014,205.45347071743436,54.222125744056115,4.3874862579029354,92.41238623550247,84.81574006873208
54,2024-12-05,AMZN,218.02999877929688,222.1499938964844,217.3000030517578,220.5500030517578,41140200,208.1300018310547,206.89123570165563,59.47754040469431,5.051433073360954,93.93942721729319,91.38113847893912
55,2024-12-06,AMZN,220.75,227.1499938964844,220.6000061035156,227.02999877929688,44178100,210.99500122070313,208.80921313762144,76.85877096614696,6.030975872017933,99.6178498709805,95.32322110792539
56,2024-12-09,AMZN,227.2100067138672,230.0800018310547,225.6699981689453,226.08999633789065,46819400,213.89200134277343,210.45500201383754,76.80808578195668,6.6547089141353695,88.37749699869022,93.97825802898797
57,2024-12-10,AMZN,226.08999633789065,229.05999755859372,224.1999969482422,225.0399932861328,31199900,216.2510009765625,211.84404880167517,73.41277835133747,6.983790582159656,85.3189388986204,91.10476192276371
58,2024-12-11,AMZN,226.41000366210935,231.1999969482422,226.25999450683597,230.25999450683597,35385800,218.49100036621093,213.59794839264288,79.0534630675535,7.578441096569179,97.34837088200982,90.34826892644014
59,2024-12-12,AMZN,229.8300018310547,231.08999633789065,227.6300048828125,228.97000122070312,28204100,220.81399993896486,215.0619534238867,84.83260508616989,7.855065925813108,93.52686233647736,92.06472403903587
60,2024-12-13,AMZN,228.3999938964844,230.1999969482422,225.8600006103516,227.4600067138672,28768100,222.77100067138673,216.24272040388485,84.35237722390167,7.861822957572173,88.38512239492877,93.086785204472
61,2024-12-16,AMZN,230.22999572753903,233.0,228.00999450683597,232.92999267578125,37552100,224.9929992675781,217.83198442977974,84.74615321652433,8.213875660811595,99.77568949324306,93.8958914082164
62,2024-12-17,AMZN,232.38999938964844,232.72999572753903,227.8500061035156,231.1499938964844,35948100,226.76399841308594,219.1003662837516,78.63291346305003,8.254100803054598,93.48818773303094,93.88299987373426
63,2024-12-18,AMZN,230.7700042724609,231.3999938964844,220.1100006103516,220.5200042724609,43281400,226.9999984741211,219.23556990172392,65.02644383067253,7.343576020809422,56.07182640323358,83.11190120983586
64,2024-12-19,AMZN,224.91000366210935,226.08999633789065,222.9199981689453,223.2899932861328,39918700,227.27399749755858,219.6217054621438,65.46185452662473,6.767482212211604,58.66324204695076,69.40775206107175
65,2024-12-20,AMZN,219.83999633789065,226.2100067138672,218.72999572753903,224.9199981689453,88279200,227.06299743652343,220.12630476755348,64.6163388791544,6.369033239292776,65.39614681369117,60.043738421291835
66,2024-12-23,AMZN,225.00999450683597,226.8800048828125,223.8999938964844,225.05999755859372,28070000,226.95999755859376,220.59618027146206,62.62495175671853,5.995444585162602,53.97100033967375,59.343463066771896
67,2024-12-24,AMZN,226.94000244140625,229.13999938964844,226.1300048828125,229.0500030517578,15007500,227.36099853515626,221.40130625053786,62.02253073743911,5.952713803345347,74.84077887872176,64.73597534402889
68,2024-12-26,AMZN,228.5,228.5,226.6699981689453,227.0500030517578,16146700,227.03999938964844,221.93927737446356,57.23831325333959,5.69185391669825,58.30416841763098,62.37198254534217
69,2024-12-27,AMZN,225.6000061035156,226.02999877929688,220.8999938964844,223.75,27367100,226.51799926757812,222.11172714832415,46.06903034204291,5.159363973837998,35.17871597381961,56.107887756724125
70,2024-12-30,AMZN,220.05999755859372,223.0,218.42999267578125,221.3000030517578,28321200,225.9019989013672,222.0344200915083,44.459869140689094,4.48793347602404,19.698070921391615,37.726985104280736
71,2024-12-31,AMZN,222.97000122070312,223.22999572753903,218.94000244140625,219.38999938964844,24819700,224.5479995727539,221.782570500855,43.592653349391604,3.7583744351636312,6.588924030747963,20.488570308653067
72,2025-01-02,AMZN,222.02999877929688,225.1499938964844,218.19000244140625,220.22000122070312,33956600,223.4550003051758,221.63375437893578,37.355161491549794,3.2101630884179144,13.706948777442127,13.33131457652724
73,2025-01-03,AMZN,222.50999450683597,225.3600006103516,221.6199951171875,224.19000244140625,27515600,223.8220001220703,221.87720657536155,44.36054545703306,3.060764972950551,40.51317345773902,20.26968208864304
74,2025-01-06,AMZN,226.77999877929688,228.83999633789065,224.83999633789065,227.6100006103516,31849800,224.25400085449218,222.42318695964633,50.16933164472536,3.1816550216261703,63.60566996501109,39.27526406673075
75,2025-01-07,AMZN,227.8999938964844,228.3800048828125,221.4600067138672,222.1100006103516,28084200,223.9730010986328,222.39335968828493,37.793328065745065,2.801364831595606,26.960109896914176,43.69298443988811
76,2025-01-08,AMZN,223.19000244140625,223.5200042724609,220.1999969482422,222.1300048828125,25033300,223.68000183105468,222.36827827823996,39.403207787719246,2.473088073886572,29.825927252145522,40.1305690380236
77,2025-01-10,AMZN,221.4600067138672,221.7100067138672,216.5,218.94000244140625,36811500,222.66900177001952,222.04177581758913,47.750567533807676,1.9332347148412339,19.30381771540667,25.36328495482213
78,2025-01-13,AMZN,218.05999755859372,219.3999938964844,216.47000122070312,218.4600067138672,27262700,221.81000213623048,221.700654950568,42.64394752057589,1.4499512590921881,15.70643868001219,21.612061215854798
79,2025-01-14,AMZN,220.44000244140625,221.82000732421875,216.1999969482422,217.75999450683597,24711700,221.21100158691405,221.32535395592686,38.77743231608154,0.9989452842653179,12.05562028027134,15.688625558563407
80,2025-01-15,AMZN,222.8300018310547,223.57000732421875,220.75,223.3500061035156,31291300,221.41600189208984,221.51817796998293,47.71085705694811,1.0801358839592865,55.25508351060546,27.67238082362967
81,2025-01-16,AMZN,224.4199981689453,224.6499938964844,220.30999755859372,220.66000366210935,24757300,221.54300231933593,221.43644708351877,38.363395871030484,0.9168504224795697,35.28486494643096,34.19852291243593
82,2025-01-17,AMZN,225.83999633789065,226.50999450683597,223.0800018310547,225.94000244140625,42370100,222.11500244140626,221.8653571176033,48.58886384771795,1.1996682635721072,77.0570092047682,55.865652553934886
83,2025-01-21,AMZN,228.8999938964844,231.77999877929688,226.94000244140625,230.7100067138672,39951500,222.76700286865236,222.70770469819988,58.52941297467231,1.7880909213358507,93.13227253095096,68.49138222738338
84,2025-01-22,AMZN,232.0200042724609,235.44000244140625,231.19000244140625,235.00999450683597,41448200,223.5070022583008,223.8793513466414,66.07266542449824,2.57174768886523,97.76503216320252,89.31810463297391
85,2025-01-23,AMZN,234.1000061035156,235.5200042724609,231.50999450683597,235.4199981689453,26404400,224.83800201416017,224.97846056781322,69.47750822453807,3.189122967652054,99.48237026085268,96.79322498500206
86,2025-01-24,AMZN,234.5,236.3999938964844,232.92999267578125,234.8500061035156,25890700,226.11000213623046,225.91860776168963,67.88945908750307,3.5910088137025866,92.32679194486866,96.52473145630796
87,2025-01-27,AMZN,226.2100067138672,235.6100006103516,225.8600006103516,235.4199981689453,49428300,227.75800170898438,226.8235020861902,64.97731939461404,3.910422916953621,95.14853526933642,95.65256582501927
88,2025-01-28,AMZN,234.2899932861328,241.7700042724609,233.97999572753903,238.1499938964844,41587200,229.72700042724608,227.90221559193247,64.32064186422582,4.3338903445812775,85.84274798956432,91.10602506792314
89,2025-01-29,AMZN,239.0200042724609,240.38999938964844,236.1499938964844,237.07000732421875,26091700,231.6580017089844,228.775338614055,73.10069720153335,4.530124980466894,81.61910206497852,87.53679510795978
90,2025-01-30,AMZN,237.13999938964844,237.9499969482422,232.22000122070312,234.63999938964844,32020700,232.78700103759766,229.33387773554006,67.9792999727631,4.438397922856382,72.11574954826368,79.85919986760217
91,2025-01-31,AMZN,236.5,240.2899932861328,236.41000366210935,237.67999267578125,36110200,234.48899993896484,230.12874582508684,77.04965187567777,4.55845854814811,84.00465222860618,79.24650128061613
92,2025-02-03,AMZN,234.05999755859372,239.25,232.8999938964844,237.4199981689453,37285900,235.63699951171876,230.82315081021622,77.54212793273003,4.579834592510565,82.98785742077018,79.70275306588002
93,2025-02-04,AMZN,239.00999450683597,242.5200042724609,238.02999877929688,242.05999755859372,29713800,236.7719985961914,231.89332669101407,81.67364702447402,4.914532759860407,97.9288312705463,88.30711363997422
94,2025-02-05,AMZN,237.0200042724609,238.32000732421875,235.1999969482422,236.1699981689453,38727300,236.88799896240235,232.3006287365313,66.58045270421479,4.6508970962467515,71.40925626307504,84.1086483181305
95,2025-02-06,AMZN,238.00999450683597,239.66000366210935,236.00999450683597,238.8300018310547,60897100,237.22899932861327,232.92247379315256,73.51801372462971,4.603537286162208,81.01850834366819,83.45219862576319
96,2025-02-07,AMZN,232.5,234.80999755859372,228.05999755859372,229.1499938964844,77539300,236.65899810791015,232.5631899934699,53.72994866688514,3.7417756933249393,19.747854519476544,57.391873042073264
97,2025-02-10,AMZN,230.5500030517578,233.9199981689453,229.1999969482422,233.13999938964844,35419900,236.43099822998047,232.61812422167736,52.875733054425346,3.342256072256731,43.69746205911175,48.15460830741883
98,2025-02-11,AMZN,231.9199981689453,233.44000244140625,230.1300048828125,232.75999450683597,23713700,235.89199829101562,232.63163567740676,47.06496114242311,2.9608399560130465,41.41652088695141,34.95394582184658
99,2025-02-12,AMZN,230.4600067138672,231.17999267578125,228.16000366210935,228.92999267578125,32285200,235.07799682617187,232.27909824868053,42.22753549085989,2.3227406880341164,18.427319271315024,34.513767405792734
100,2025-02-13,AMZN,228.8500061035156,230.4199981689453,227.5200042724609,230.3699951171875,31346500,234.65099639892577,232.09727890282406,44.74423803427252,1.9112073743960423,27.07078940860749,28.971543188957984
101,2025-02-14,AMZN,229.1999969482422,229.88999938964844,227.22999572753903,228.67999267578125,27031100,233.7509963989258,231.77182307167712,42.295376489816135,1.4321858384774657,9.48329717398222,18.32713528463492
102,2025-02-18,AMZN,228.82000732421875,229.3000030517578,223.72000122070312,226.6499938964844,42975100,232.6739959716797,231.28402981689686,36.64033722484371,0.8786256346260473,15.58506489448323,17.37971715902432
103,2025-02-19,AMZN,225.5200042724609,226.8300018310547,223.7100067138672,226.6300048828125,28566700,231.13099670410156,230.84078934698405,37.565507730802715,0.43331722727432975,15.523649909307155,13.530670659257543
104,2025-02-20,AMZN,224.77999877929688,225.1300048828125,221.80999755859372,222.8800048828125,30001700,229.80199737548827,230.0826193980153,36.42033062586752,-0.21965451326934726,5.166619880921205,12.091778228237205
105,2025-02-21,AMZN,223.27999877929688,223.30999755859372,214.7400054931641,216.5800018310547,55323900,227.57699737548828,228.79665582020954,27.34108136150566,-1.2313032199520535,6.623457230897587,9.104575673708657
106,2025-02-24,AMZN,217.4499969482422,217.72000122070312,212.4199981689453,212.7100067138672,42387600,225.93299865722656,227.26459400055788,25.373744427365153,-2.31859109670188,0.9634833425764748,4.251186818131765
107,2025-02-25,AMZN,211.6300048828125,213.33999633789065,204.16000366210935,212.8000030517578,58958000,223.8989990234375,225.88701391019598,17.930745449540453,-3.136852932196092,24.33802644971399,10.641655674396027
108,2025-02-26,AMZN,214.94000244140625,218.16000366210935,213.08999633789065,214.3500061035156,39120600,222.05800018310546,224.7882512619407,23.570755032570844,-3.6185466859935502,28.70423222931338,18.00191400720129
109,2025-02-27,AMZN,218.3500061035156,219.97000122070312,208.3699951171875,208.7400054931641,40548600,220.03900146484375,223.2598469030096,15.984638408532433,-4.40222649408517,14.942912701787131,22.661723793604846
110,2025-02-28,AMZN,208.6499938964844,212.6199951171875,206.9900054931641,212.27999877929688,51771700,218.2300018310547,222.2141470817036,27.855084353991003,-4.6836601956154595,27.28493486557042,23.64402659889032
111,2025-03-03,AMZN,213.3500061035156,214.00999450683597,202.5500030517578,205.0200042724609,42948400,215.86400299072267,220.57660967129954,16.00579657105068,-5.429926501398313,7.996119357421612,16.74132230825973
112,2025-03-04,AMZN,200.1100006103516,206.8000030517578,197.42999267578125,203.8000030517578,60853100,213.57900390625,218.97883761229556,15.687199027486713,-6.050050610413649,18.874104817708336,18.051719680233465
113,2025-03-05,AMZN,204.8000030517578,209.97999572753903,203.25999450683597,208.3600006103516,38610100,211.75200347900392,217.96751980258662,26.042391234419966,-6.103195897869313,33.13127042926736,20.000498201465778
114,2025-03-06,AMZN,204.3999938964844,205.7700042724609,198.3000030517578,200.6999969482422,49863800,209.53400268554688,216.3229938164586,19.816875824448374,-6.686336276780679,10.073948232006877,20.69310782632753
115,2025-03-07,AMZN,199.4900054931641,202.2700042724609,192.52999877929688,199.25,59802800,207.8010025024414,214.6969944053673,19.914118958096452,-7.182684349841338,18.27576948566226,20.493662715645506
116,2025-03-10,AMZN,195.6000061035156,196.72999572753903,190.8500061035156,194.5399932861328,62350900,205.98400115966797,212.77728001305925,18.87961582974978,-7.865434123860126,10.255663203964472,12.86846030721121
117,2025-03-11,AMZN,193.8999938964844,200.17999267578125,193.3999938964844,196.58999633789065,54002900,204.36300048828124,211.23563394875748,21.98805363627052,-8.147184454089484,16.74442951801291,15.091954069213221
118,2025-03-12,AMZN,200.72000122070312,201.5200042724609,195.2899932861328,198.88999938964844,43679300,202.81699981689454,210.05985922884233,27.007852851100566,-8.091607581005434,24.76893223234365,17.25634165144035
119,2025-03-13,AMZN,198.1699981689453,198.8800048828125,191.82000732421875,193.88999938964844,41270800,201.33199920654297,208.5198725774905,27.69804932245809,-8.354712793477972,10.439539134189422,17.317633628182
120,2025-03-14,AMZN,197.41000366210935,198.6499938964844,195.32000732421875,197.9499969482422,38096700,199.8989990234375,207.51321775565734,35.5464057272161,-8.14176450463296,24.381840780378276,19.86343738230379
121,2025-03-17,AMZN,198.7700042724609,199.0,194.32000732421875,195.7400054931641,47341800,198.97099914550782,206.3919594449437,33.96013547557044,-8.058436650761962,16.792583137358648,17.204654350642123
122,2025-03-18,AMZN,192.5200042724609,194.0,189.3800048828125,192.82000732421875,40414900,197.8729995727539,205.09939257630322,30.26580788522928,-8.134251586126368,11.245514394342226,17.473312770693056
123,2025-03-19,AMZN,193.3800048828125,195.97000122070312,191.9600067138672,195.5399932861328,39442900,196.59099884033202,204.18897359628698,37.224139499549246,-7.883973791103898,25.010113675858054,17.682737069186317
124,2025-03-20,AMZN,193.07000732421875,199.32000732421875,192.3000030517578,194.9499969482422,38921100,196.01599884033203,203.30907105837798,32.21103438726897,-7.645106579324221,22.614674835253926,19.623434301818076
125,2025-03-21,AMZN,192.8999938964844,196.9900054931641,192.5200042724609,196.2100067138672,60056900,195.71199951171874,202.6329696922341,39.686256940767635,-7.270322582189721,33.15536342970329,26.9267173136051
126,2025-03-24,AMZN,200.0,203.63999938964844,199.9499969482422,203.25999450683597,41625400,196.58399963378906,202.69268634124379,49.44374867184978,-6.331443528788384,67.37862035301173,41.04955287265633
127,2025-03-25,AMZN,203.6000061035156,206.2100067138672,203.22000122070312,205.7100067138672,31171200,197.49600067138672,202.98005018625554,47.146247776745085,-5.32825875500663,97.02911499939708,65.85436626070404
128,2025-03-26,AMZN,205.83999633789065,206.00999450683597,199.92999267578125,201.1300048828125,32855300,197.72000122070312,202.80385539545145,50.49597234761887,-4.846923152327236,69.81579751416855,78.0745109555258
129,2025-03-27,AMZN,200.88999938964844,203.7899932861328,199.27999877929688,201.3600006103516,27317700,198.46700134277347,202.66634541591813,52.50415515073901,-4.396225534899202,71.18237922846583,79.34243058067716
130,2025-03-28,AMZN,198.4199981689453,199.25999450683597,191.8800048828125,192.72000122070312,52548200,197.94400177001955,201.71907454018336,48.024323963496826,-4.68224615022072,19.84549004461586,53.61455559575009
131,2025-03-31,AMZN,188.19000244140625,191.3300018310547,184.3999938964844,190.25999450683597,63547600,197.39600067138673,200.62773358462647,43.18915026546098,-5.049217297231564,26.86839599507749,39.2987550893864
132,2025-04-01,AMZN,187.8600006103516,193.92999267578125,187.1999969482422,192.1699981689453,41267300,197.3309997558594,199.82223497360923,42.708329883989464,-5.126824401789946,35.62585835010672,27.446581463266693
133,2025-04-02,AMZN,187.66000366210935,198.33999633789065,187.66000366210935,196.00999450683597,53679200,197.3779998779297,199.45916445296416,52.359746130611505,-4.82287784533824,53.23243368797236,38.575562677718864
134,2025-04-03,AMZN,183.0,184.1300048828125,176.9199981689453,178.41000366210938,95553600,195.72400054931643,197.45448247288275,33.287717035220794,-5.93376938165386,5.087077700502722,31.315123246193938
135,2025-04-04,AMZN,167.14999389648438,178.13999938964844,166.0,171.0,123159400,193.2029998779297,194.93500795165582,30.56863807732512,-7.327616098175895,12.434715655681934,23.584742348052345
136,2025-04-07,AMZN,162.0,183.41000366210935,161.3800048828125,175.25999450683594,109327100,190.4029998779297,193.06119714738728,36.49229466184052,-7.996327028259799,30.961385360480794,16.16105957222182
137,2025-04-08,AMZN,185.22999572753903,185.8999938964844,168.57000732421875,170.66000366210938,87710400,186.89799957275392,190.92775014878939,31.399526402523193,-8.796070450802176,20.700420254875887,21.36550709034621
138,2025-04-09,AMZN,172.1199951171875,192.6499938964844,169.92999267578125,191.1000061035156,116804300,185.8949996948242,190.9441554778109,47.78047328814515,-7.691868430963382,66.29489182870259,39.31889914801976
139,2025-04-10,AMZN,185.44000244140625,186.8699951171875,175.85000610351562,181.22000122070312,68302000,183.88099975585936,190.01804554856255,42.139482468553844,-7.527244805719022,44.25606854235514,43.75046020864454
140,2025-04-11,AMZN,179.92999267578125,185.8600006103516,178.0,184.8699951171875,50594300,183.09599914550782,189.52775503128873,39.99999999999998,-7.021318010087583,52.39792387896578,54.31629475000784
141,2025-04-14,AMZN,186.83999633789065,187.44000244140625,179.22999572753906,182.1199951171875,48002500,182.28199920654296,188.82225408708862,37.21408374057904,-6.7642948168140435,46.47097256596955,47.70832166243016
142,2025-04-15,AMZN,181.41000366210935,182.3500061035156,177.92999267578125,179.58999633789062,43642000,181.0239990234375,187.94299144430786,38.05985980181163,-6.687660652719586,42.937977916665616,47.268958120533654
143,2025-04-16,AMZN,176.2899932861328,179.10000610351562,171.41000366210938,174.3300018310547,51875300,178.8559997558594,186.64651624304565,35.80804141392905,-6.971007685353612,34.186907327000185,41.198619269878456
144,2025-04-17,AMZN,176.0,176.2100067138672,172.0,172.61000061035156,44726500,178.2759994506836,185.30970523040813,38.61397087473085,-7.2507696153041366,30.384194599147037,35.83635994760428
145,2025-04-21,AMZN,169.60000610351562,169.60000610351562,165.2899932861328,167.32000732421875,48126100,177.90800018310546,183.5964006679139,37.41496871980656,-7.809320225808108,16.071438892581554,26.88084693957627
146,2025-04-22,AMZN,169.85000610351562,176.77999877929688,169.35000610351562,173.17999267578125,56607200,177.7,182.60436181152033,40.01471481422346,-7.690472781767113,31.926381279905513,26.127338257211374
147,2025-04-23,AMZN,183.4499969482422,187.3800048828125,180.19000244140625,180.6000061035156,63470100,178.69400024414062,182.41347079171038,42.191145507532326,-6.917808068904151,61.46468811453597,36.487502762341016
148,2025-04-24,AMZN,180.9199981689453,186.7400054931641,180.17999267578125,186.5399932861328,43763200,178.23799896240234,182.80647293403632,54.671872766794365,-5.759763426664222,80.46049645978395,57.95052195140848
149,2025-04-25,AMZN,187.6199951171875,189.94000244140625,185.4900054931641,188.9900054931641,36414300,179.01499938964844,183.3953807968104,60.962834561382685,-4.591382594414881,88.2955238592502,76.74023614452338
150,2025-04-28,AMZN,190.1100006103516,190.22000122070312,184.88999938964844,187.6999969482422,33224700,179.2979995727539,183.8053442398039,57.86545558530047,-3.7265677226530443,81.90790629452913,83.5546422045211
151,2025-04-29,AMZN,183.9900054931641,188.0200042724609,183.67999267578125,187.38999938964844,41667300,179.825,184.14673996836052,61.18464850206174,-3.0312673551758564,80.77487430740094,83.65943482039343
152,2025-04-30,AMZN,182.1699981689453,185.0500030517578,178.85000610351562,184.4199981689453,55176500,180.30800018310546,184.1727645588924,44.17305577524751,-2.68889517199284,76.73485276466768,79.80587778886591
153,2025-05-01,AMZN,190.6300048828125,191.80999755859372,187.5,190.1999969482422,74266000,181.8949996948242,184.74678669121144,58.43667615204317,-1.9289296538058807,93.92910878214525,83.81294528473796
154,2025-05-02,AMZN,191.44000244140625,192.8800048828125,186.3999938964844,189.97999572753903,77903500,183.63199920654296,185.24518755181407,55.131553825469915,-1.3290829246407725,89.48891650475976,86.71762601719091
155,2025-05-05,AMZN,186.50999450683597,188.17999267578125,185.52999877929688,186.3500061035156,35217500,185.53499908447264,185.35040836626183,54.17407974444,-1.1335431162467557,76.33201872201187,86.5833480029723
156,2025-05-06,AMZN,184.57000732421875,187.92999267578125,183.8500061035156,185.00999450683597,29314100,186.71799926757814,185.31798799869745,55.47695901065805,-1.0743200533797506,71.47514654570261,79.09869392415808
157,2025-05-07,AMZN,185.55999755859372,190.9900054931641,185.00999450683597,188.7100067138672,43948600,187.52899932861328,185.64103740014218,65.00417451311677,-0.720519585291953,84.8858411880945,77.56433548526967
158,2025-05-08,AMZN,191.42999267578125,194.3300018310547,188.82000732421875,192.0800018310547,41043600,188.08300018310547,186.25427210784812,69.63889282218295,-0.1662829176379148,92.25206839550518,82.87101870976743
159,2025-05-09,AMZN,193.3800048828125,194.69000244140625,191.16000366210935,193.05999755859372,29663100,188.48999938964843,186.90243643649055,78.4356878927637,0.348019349161234,93.56746204270281,90.23512387543417
160,2025-05-12,AMZN,210.7100067138672,211.66000366210935,205.75,208.63999938964844,75205000,190.58399963378906,188.9726805272675,82.24808092649502,1.9898458370320498,90.79547547338997,92.20500197053268
161,2025-05-13,AMZN,211.0800018310547,214.83999633789065,210.1000061035156,211.3699951171875,56193700,192.98199920654298,191.10575810725987,80.59254701277928,3.4712782620674716,90.35842689007218,91.57378813538833
162,2025-05-14,AMZN,211.4499969482422,211.92999267578125,208.8500061035156,210.25,38492100,195.56499938964845,192.92901923990178,76.07213340747396,4.503041625472662,87.24646406403683,89.46678880916632
163,2025-05-15,AMZN,206.4499969482422,206.8800048828125,202.6699981689453,205.1699981689453,64347300,197.06199951171874,194.09482675695355,66.81911707137874,4.854844209988357,73.13142319302644,83.57877138237849
164,2025-05-16,AMZN,206.8500061035156,206.8500061035156,204.3699951171875,205.58999633789065,43318500,198.6229995727539,195.1896048122809,68.93923460511462,5.108651283014979,74.29840925278977,78.22543216995102
165,2025-05-19,AMZN,201.6499938964844,206.6199951171875,201.25999450683597,206.16000366210935,34314800,200.60399932861327,196.23440470274073,69.76205738190826,5.294755399904943,75.88220330359854,74.43734524980492
166,2025-05-20,AMZN,204.6300048828125,205.58999633789065,202.6499938964844,204.07000732421875,29470400,202.51000061035157,196.98065257145294,71.07917710572764,5.213501021227415,65.2468783235514,71.80916362664658
167,2025-05-21,AMZN,201.6100006103516,203.4600067138672,200.05999755859372,201.1199951171875,42460900,203.7509994506836,197.3748756710467,62.47144205966404,4.85509845707324,55.72763619175167,65.61890593963388
168,2025-05-22,AMZN,201.3800048828125,205.75999450683597,200.16000366210935,203.1000061035156,38938900,204.85299987792968,197.92012618842472,64.4049226154637,4.676919564328244,62.11683144916679,61.03044865482329
169,2025-05-23,AMZN,198.8999938964844,202.3699951171875,197.8500061035156,200.9900054931641,33393500,205.64600067138673,198.21249564601894,66.62879125320606,4.315703351074575,55.30817938314894,57.71754900802247
170,2025-05-27,AMZN,203.08999633789065,206.69000244140625,202.19000244140625,206.0200042724609,34892000,205.38400115966797,198.95606789615627,72.01844486433728,4.38477085469637,70.43247896737424,62.619163266563326
171,2025-05-28,AMZN,205.9199981689453,207.66000366210935,204.41000366210935,204.72000122070312,28549800,204.7190017700195,199.50501392706548,67.66717057812652,4.285210725431398,61.10684323552138,62.28250052868153
172,2025-05-29,AMZN,208.02999877929688,208.80999755859372,204.22999572753903,205.6999969482422,34650000,204.26400146484374,200.0950123100347,65.86671814551029,4.236549762244806,61.40201766617778,64.3137799563578
173,2025-05-30,AMZN,204.83999633789065,205.9900054931641,201.6999969482422,205.00999450683597,51679400,204.2480010986328,200.56310585258717,64.01594100653568,4.095102376818403,42.14239269445781,54.88375119871899
174,2025-06-02,AMZN,204.97999572753903,207.0,202.67999267578125,206.6499938964844,29113300,204.3540008544922,201.14280947581545,46.53188521185453,4.068440104483983,51.79513155436782,51.77984730500114
175,2025-06-03,AMZN,207.1100006103516,208.9499969482422,205.02999877929688,205.7100067138672,33139100,204.30900115966796,201.5777806413442,39.47957903908225,3.9262021374663334,55.823921209086876,49.92048181930417
176,2025-06-04,AMZN,206.5500030517578,208.17999267578125,205.17999267578125,207.22999572753903,29915600,204.625,202.1160868400294,44.46885726214865,3.891271775366903,84.5044807264837,64.04117782997947
177,2025-06-05,AMZN,209.5500030517578,212.80999755859372,207.55999755859372,207.91000366210935,51864200,205.3040008544922,202.66788844213227,55.982542353117566,3.8738053522590974,67.24601139513963,69.19147111023675
178,2025-06-06,AMZN,212.3999938964844,213.8699951171875,210.5,213.57000732421875,39832500,206.3510009765625,203.70618547852146,64.17911661743088,4.267485166433943,98.12741573847066,83.29263595336467
179,2025-06-09,AMZN,214.75,217.8500061035156,212.8800048828125,216.97999572753903,38102500,207.95,204.97035788318982,67.46286887930643,4.799313324625757,95.64994812011719,87.0077917512425
180,2025-06-10,AMZN,216.77999877929688,217.69000244140625,214.1499938964844,217.6100006103516,31303300,209.10899963378907,206.17413338101474,72.93358964511448,5.211551577967612,98.79997253417997,97.52577879758928
181,2025-06-11,AMZN,217.41000366210935,218.3999938964844,212.88999938964844,213.1999969482422,39326000,209.95699920654297,206.8432632445602,69.49645496612585,5.123344201380945,74.69586356629662,89.7152614068646
182,2025-06-12,AMZN,211.77999877929688,213.5800018310547,211.3300018310547,213.2400054931641,27640000,210.71100006103515,207.45247679204627,67.45868067140802,4.999041733833792,74.89055246501992,82.79546285516551
183,2025-06-13,AMZN,209.9600067138672,214.0500030517578,209.6199951171875,212.1000061035156,29337800,211.4200012207031,207.89509863123385,69.78981786751962,4.75374450186527,62.275515304019734,70.62064377844543
184,2025-06-16,AMZN,212.30999755859372,217.05999755859372,211.6000061035156,216.1000061035156,33284200,212.36500244140626,208.67651839049876,68.63906126822907,4.826474653435611,86.22761548940943,74.4645610861497
185,2025-06-17,AMZN,215.1999969482422,217.41000366210935,214.55999755859372,214.82000732421875,32086300,213.2760025024414,209.26161257466256,68.6898782571767,4.726346241036168,78.56295073968579,75.68869384437166
186,2025-06-18,AMZN,215.08999633789065,217.9600067138672,212.33999633789065,212.5200042724609,44360500,213.80500335693358,209.57193559350048,62.03247742678838,4.410560532138106,64.79047485908433,76.52701369605985
187,2025-06-20,AMZN,214.67999267578125,214.88999938964844,208.2700042724609,209.69000244140625,75350700,213.98300323486328,209.5831800552058,57.67717944648827,3.8871321465396704,44.592933977593184,62.64878652545443
188,2025-06-23,AMZN,209.7899932861328,210.38999938964844,207.30999755859372,208.47000122070312,37311700,213.4730026245117,209.4771630233484,53.02729120431748,3.3354188450997526,25.729272234243556,45.03756035697369
189,2025-06-24,AMZN,212.13999938964844,214.33999633789065,211.0500030517578,212.7700042724609,38378800,213.0520034790039,209.79076695183528,60.562529506249085,3.208174549295876,57.413093009351144,42.5784330737293
190,2025-06-25,AMZN,214.6199951171875,216.02999877929688,211.1100006103516,211.9900054931641,31755700,212.49000396728516,210.00021824148564,57.28275151070316,3.0096992063797643,42.20026582497959,41.78087702285811
191,2025-06-26,AMZN,213.1199951171875,218.0399932861328,212.00999450683597,217.1199951171875,50480800,212.8820037841797,210.67829222964772,62.402356913426445,3.2291299566509792,88.45807752953363,62.690478787954795
192,2025-06-27,AMZN,219.9199981689453,223.3000030517578,216.7400054931641,223.3000030517578,119217100,213.88800354003905,211.88035992699153,62.92163793030078,3.857241519801846,100.0,76.88611445150441
193,2025-06-30,AMZN,223.5200042724609,223.82000732421875,219.1199951171875,219.38999938964844,58887800,214.61700286865235,212.5955636853398,53.15858731301499,3.9934854264919295,73.16774491682075,87.20860748211813
194,2025-07-01,AMZN,219.5,221.8800048828125,217.92999267578125,220.4600067138672,39256800,215.0530029296875,213.34455825948527,53.69267183227123,4.140076132223925,79.64870609981519,84.27215033887865
195,2025-07-02,AMZN,219.72999572753903,221.6000061035156,219.05999755859372,219.9199981689453,30894200,215.56300201416016,213.9707906318148,59.67741226643792,4.164668440741309,76.37791127541593,76.39812076401729
196,2025-07-03,AMZN,221.82000732421875,224.00999450683597,221.3600006103516,223.41000366210935,29632400,216.652001953125,214.86976330136665,63.321968202418425,4.414880306518796,96.40723979419786,84.14461905647632
197,2025-07-07,AMZN,223.0,224.2899932861328,222.3699951171875,223.47000122070312,36604100,218.03000183105468,215.6888335793987,65.32756387787722,4.565389347838902,95.17083467753893,89.31866191571758
198,2025-07-08,AMZN,223.9199981689453,224.0,218.42999267578125,219.3600006103516,45692000,219.11900177001954,216.03846853472754,54.38170981168135,4.3034190113199315,70.96587799615587,87.51465082263088
199,2025-07-09,AMZN,221.07000732421875,224.2899932861328,220.47000122070312,222.5399932861328,38155100,220.09600067138672,216.6576613681947,59.87209941700535,4.302804413980539,89.6937547683728,85.2768224806892
200,2025-07-10,AMZN,221.5500030517578,222.7899932861328,219.6999969482422,222.25999450683597,30370600,221.1229995727539,217.19121690520817,63.13374561124853,4.230951998753852,88.04476272037877,82.90146516163581
201,2025-07-11,AMZN,223.5800018310547,226.67999267578125,222.3699951171875,225.0200042724609,50518300,221.91300048828126,217.93681570208938,70.71060722188402,4.346613113440867,91.43010417257469,89.72287388710875
202,2025-07-14,AMZN,225.07000732421875,226.66000366210935,224.2400054931641,225.69000244140625,35702600,222.1520004272461,218.67521443916718,73.61490790326133,4.4411438906933824,93.66608514663774,91.04698401319706
203,2025-07-15,AMZN,226.1999969482422,227.2700042724609,225.4600067138672,226.3500061035156,34907300,222.8480010986328,219.40614697862893,70.68859306343938,4.517245003857823,94.30694331398915,93.13437754440054
204,2025-07-16,AMZN,225.8800048828125,226.1000061035156,222.17999267578125,223.19000244140625,39535900,223.12100067138672,219.7665141655601,65.90907416069145,4.273309743361381,73.26343892488609,87.07882246183766
205,2025-07-17,AMZN,223.32000732421875,224.5,222.50999450683597,223.8800048828125,31855800,223.51700134277343,220.1582751862508,60.98829797260769,4.0885366172912825,67.8062698704815,78.45888403645226
206,2025-07-18,AMZN,225.13999938964844,226.3999938964844,222.97999572753903,226.1300048828125,37833800,223.78900146484375,220.7270113478281,55.27394412776196,4.076665517181738,87.79445423757637,76.28805434431466
207,2025-07-21,AMZN,225.83999633789065,229.69000244140625,225.6499938964844,229.3000030517578,40297600,224.37200164794922,221.54348674820235,68.99193840812816,4.273784417841682,96.68368141335714,84.09480184047167
208,2025-07-22,AMZN,229.67999267578125,230.0,226.3500061035156,227.47000122070312,37483700,225.18300170898436,222.10791669796436,63.05398310907392,4.233535154994314,78.13312724529577,87.53708763207642
209,2025-07-23,AMZN,228.47000122070312,228.7899932861328,227.08999633789065,228.2899932861328,28294900,225.75800170898438,222.69668589683755,65.42571620119784,4.219167889834864,85.22034890775099,86.67905252213463
210,2025-07-24,AMZN,229.1699981689453,236.0,228.63999938964844,232.22999572753903,42902300,226.7550018310547,223.60462016642816,65.98983226951523,4.474131989211429,78.54295560102392,80.63214391802357
211,2025-07-25,AMZN,232.22000122070312,232.47999572753903,231.17999267578125,231.44000244140625,28712100,227.39700164794922,224.3508470497594,64.07630149774391,4.559883520151573,74.04669517520244,79.26999989465912
212,2025-07-28,AMZN,233.3500061035156,234.2899932861328,232.25,232.7899932861328,26300100,228.10700073242188,225.15457526274736,76.28179861494337,4.68279486083614,80.30671096395275,77.63212058005972
213,2025-07-29,AMZN,234.1499938964844,234.72000122070312,230.30999755859372,231.00999450683597,33716200,228.5729995727539,225.71223423837483,67.53623884339001,4.583733531561506,69.38647509869082,74.57996041261534
214,2025-07-30,AMZN,231.63999938964844,231.8000030517578,229.2899932861328,230.19000244140625,32993300,229.27299957275392,226.13868835294926,66.05915765754912,4.388472626978,57.95951896196125,69.21756834153494
215,2025-07-31,AMZN,235.7700042724609,236.52999877929688,231.3999938964844,234.1100006103516,104357300,230.2959991455078,226.89786094889234,67.58221455117292,4.498185759348644,83.1359084345448,70.16063416506563
216,2025-08-01,AMZN,217.2100067138672,220.44000244140625,212.8000030517578,214.75,122258800,229.15799865722656,225.74092181090262,37.71889555638079,2.988494452438914,8.217434889712951,49.770954095406346
217,2025-08-04,AMZN,217.3999938964844,217.44000244140625,211.4199981689453,211.6499938964844,77890100,227.39299774169922,224.3989286761961,34.35502520397033,1.5243370219307621,0.915952695932136,30.756432006729966
218,2025-08-05,AMZN,213.0500030517578,216.3000030517578,212.8699951171875,213.75,51505100,226.0209976196289,223.38474499274886,39.72124787167725,0.5273556242697168,9.279178711346377,6.1375220989971595
219,2025-08-06,AMZN,214.6999969482422,222.6499938964844,213.7400054931641,222.30999755859372,54823000,225.422998046875,223.2823880942579,48.540613528954516,0.42308390001545604,43.36917214234962,17.85476784987605
220,2025-08-07,AMZN,221.0,226.22000122070312,220.82000732421875,223.1300048828125,40603500,224.51299896240235,223.26787540745357,47.13521692199014,0.40198174989617996,46.63483245412488,33.094394435940295
221,2025-08-08,AMZN,223.13999938964844,223.8000030517578,221.8800048828125,222.69000244140625,32970500,223.63799896240235,223.21283988687762,43.340719330765296,0.345767827839893,44.88253284954081,44.96217914867177
222,2025-08-11,AMZN,221.77999877929688,223.0500030517578,220.3999938964844,221.3000030517578,31646200,222.48899993896484,223.03066495019957,43.7284003083399,0.1869020649140225,39.34689224475559,43.621419182807095
223,2025-08-12,AMZN,222.22999572753903,223.5,219.0500030517578,221.47000122070312,37185800,221.53500061035157,222.88203030929515,42.97487329136274,0.07386575627069192,40.02390604329461,41.41777704586367
224,2025-08-13,AMZN,222.0,224.9199981689453,222.0,224.55999755859372,36508300,220.9720001220703,223.04183671399025,41.95848162049726,0.23095820515655419,52.32974540124648,43.90018122976556
225,2025-08-14,AMZN,227.3999938964844,233.1100006103516,227.0200042724609,230.97999572753903,61545800,220.65899963378905,223.79785185813773,49.56863580052419,0.8635409383572608,77.897240474499,56.7502973063467
226,2025-08-15,AMZN,232.5800018310547,234.0800018310547,229.80999755859372,231.02999877929688,39649200,222.28699951171876,224.486627755391,48.3083483638162,1.3533021159242082,78.09637647825213,69.44112078466587
227,2025-08-18,AMZN,230.22999572753903,231.91000366210935,228.3300018310547,231.4900054931641,25248900,224.27100067138673,225.1536161113694,50.47338350173174,1.7582915841734632,79.92834263789284,78.64065319688132
228,2025-08-19,AMZN,230.08999633789065,230.52999877929688,227.1199951171875,228.00999450683597,29891000,225.6970001220703,225.42565214903289,47.95726512101937,1.7779458001696469,66.06927891133324,74.69799934249274
229,2025-08-20,AMZN,227.1199951171875,227.2700042724609,220.9199981689453,223.80999755859372,36604300,225.8470001220703,225.2717802832768,40.39895851142114,1.4380404202479724,54.67783489534992,66.89181881485867
230,2025-08-21,AMZN,222.6499938964844,222.77999877929688,220.5,221.9499969482422,32140500,225.72899932861327,224.95541996565444,59.961249294376586,1.0069687443240696,46.46953697057196,55.738883592418375
231,2025-08-22,AMZN,222.7899932861328,229.13999938964844,220.82000732421875,228.83999633789065,37315300,226.34399871826173,225.32537962015311,71.52515960003879,1.207388678950224,75.29465424573345,58.814008703885115
232,2025-08-25,AMZN,227.3500061035156,229.6000061035156,227.30999755859372,227.94000244140625,22633700,227.00799865722655,225.57439131741532,68.31913041080125,1.2788590442061434,69.81317357363301,63.85912159664614
233,2025-08-26,AMZN,227.1100006103516,229.0,226.0200042724609,228.7100067138672,26105400,227.73199920654298,225.87302135517263,60.34260745628635,1.3817052946262436,64.27148667114719,69.79310483017122
234,2025-08-27,AMZN,228.57000732421875,229.8699951171875,227.80999755859372,229.1199951171875,21254500,228.18799896240233,226.182256951555,59.810007327017864,1.4792425395835096,66.9992873139859,67.0279825195887
235,2025-08-28,AMZN,229.00999450683597,232.7100067138672,228.0200042724609,231.6000061035156,33679600,228.25,226.6982330612655,63.678234047377586,1.7366387783928872,83.49969441810488,71.59015613441265
236,2025-08-29,AMZN,231.32000732421875,231.80999755859372,228.16000366210935,229.0,26199200,228.0470001220703,226.9174489601926,61.39726724145328,1.7111038486509358,66.20091654264036,72.23329942491038
237,2025-09-02,AMZN,223.5200042724609,226.1699981689453,221.8300018310547,225.33999633789065,38843900,227.43199920654297,226.7672153771162,55.19183403424652,1.3796319865064959,35.640616239259785,61.780409066668334
238,2025-09-03,AMZN,225.2100067138672,227.1699981689453,224.3600006103516,225.9900054931641,29223100,227.2300003051758,226.6931953881684,52.05283750565695,1.1560620899592209,40.42713367394083,47.42288881861365
239,2025-09-04,AMZN,231.19000244140625,235.7700042724609,230.77999877929688,235.67999267578125,59391800,228.41699981689453,227.5490808441315,56.16797153937069,1.740716423870765,99.41053325805551,58.492761057085374
240,2025-09-05,AMZN,235.19000244140625,236.0,231.92999267578125,232.3300018310547,36721800,229.4550003051758,228.00440665240993,51.57005164767243,1.9117059750896885,76.32259245841733,72.05341979680456
241,2025-09-08,AMZN,234.94000244140625,237.6000061035156,233.75,235.83999633789065,33947100,230.15500030517578,228.7506532891224,54.89312839525244,2.3038858864180156,89.70754890395565,88.48022487347617
242,2025-09-09,AMZN,236.3600006103516,238.8500061035156,235.0800018310547,238.2400054931641,27033800,231.18500061035155,229.65440111807874,61.79388072178267,2.7763479616809548,96.67574709833673,87.56862948690325
243,2025-09-10,AMZN,237.5200042724609,237.67999267578125,229.1000061035156,230.3300018310547,60907700,231.3470001220703,229.71874404312408,56.92438829532955,2.483873820118305,53.56947444922866,79.98425681717369
244,2025-09-11,AMZN,231.4900054931641,231.52999877929688,229.33999633789065,229.9499969482422,37485600,231.43000030517578,229.7407681293258,58.77192865044729,2.196107378725287,50.63777172579209,66.96099775778583
245,2025-09-12,AMZN,230.3500061035156,230.7899932861328,226.2899932861328,228.1499938964844,38496200,231.08499908447266,229.58926582143616,49.1483556219829,1.8020324888472032,37.132729018498146,47.113325064506306
246,2025-09-15,AMZN,230.6300048828125,233.72999572753903,230.32000732421875,231.42999267578125,33243300,231.32799835205077,229.7645731408976,54.068534672909166,1.7344006972473665,56.40416236710208,48.05822103713077
247,2025-09-16,AMZN,232.94000244140625,235.8999938964844,232.22999572753903,234.0500030517578,38203900,232.1989990234375,230.1727093228843,55.96780717592484,1.870651252940803,71.79787399040556,55.1115884586686
248,2025-09-17,AMZN,233.7700042724609,234.3000030517578,228.7100067138672,231.6199951171875,42815200,232.76199798583986,230.31054606519888,52.67322267566356,1.762235514011934,57.520510156236796,61.90751550458149
249,2025-09-18,AMZN,232.5,233.47999572753903,228.7899932861328,231.22999572753903,37931700,232.31699829101564,230.39811269970747,49.58584045404006,1.6261008895912994,55.22909246088696,61.51582553584311
250,2025-09-19,AMZN,232.3699951171875,234.16000366210935,229.6999969482422,231.47999572753903,97943200,232.23199768066405,230.5011491785486,52.930050099423624,1.5208546637393567,56.69795225667744,56.48251829126707
251,2025-09-22,AMZN,230.55999755859372,230.57000732421875,227.50999450683597,227.6300048828125,45914500,231.41099853515624,230.22770686466896,52.69349331786513,1.113943340615151,22.567308714987092,44.83145114418383
252,2025-09-23,AMZN,227.8300018310547,227.8600006103516,220.07000732421875,220.7100067138672,70956200,229.65799865722656,229.32125923125926,44.58794699525717,0.2304210159653053,3.4078776956789563,27.557712889114498
253,2025-09-24,AMZN,224.1499938964844,224.55999755859372,219.4499969482422,220.2100067138672,49509000,228.6459991455078,228.45352089626954,30.46226139118953,-0.5043092499679176,3.9175742626822956,9.964253557782781
254,2025-09-25,AMZN,220.05999755859372,220.6699981689453,216.47000122070312,218.1499938964844,52226300,227.46599884033202,227.4722326105757,31.48825651954101,-1.238537013553298,7.506668048457349,4.9440400022728666
255,2025-09-26,AMZN,219.0800018310547,221.0500030517578,218.0200042724609,219.77999877929688,41650100,226.62899932861328,226.73963891235866,27.951704859679552,-1.6696434244166198,14.789976927734191,8.73807307962461
256,2025-09-29,AMZN,220.0800018310547,222.6000061035156,219.3000030517578,222.1699981689453,44259200,225.7029998779297,226.30443503203358,27.931897502606603,-1.7977223599710044,26.874112421565766,16.3902524659191
257,2025-09-30,AMZN,222.02999877929688,222.2400054931641,217.88999938964844,219.57000732421875,48396400,224.25500030517577,225.66306096462264,32.70098534421295,-2.0849889169223275,15.954746639609704,19.206278662969886
258,2025-10-01,AMZN,217.3600006103516,222.1499938964844,216.6100006103516,220.6300048828125,43933800,223.15600128173827,225.18372229016455,35.33670870273937,-2.201736540436002,21.41021734555081,21.413025468908756
259,2025-10-02,AMZN,221.00999450683597,222.80999755859372,218.9499969482422,222.41000366210935,41258600,222.2740020751953,224.91955861130214,40.96349422318554,-2.1261202569152147,30.571305612534793,22.64542319923177
260,2025-10-03,AMZN,223.44000244140625,224.1999969482422,219.33999633789065,219.50999450683597,43639000,221.077001953125,224.4043620299244,31.00702594332853,-2.27398720093737,15.645879732739546,22.542467563608383
261,2025-10-06,AMZN,221.0,221.72999572753903,216.02999877929688,220.8999938964844,43690900,220.40400085449218,224.0706126838825,28.19236291513124,-2.253039844504883,26.65568679985617,24.29095738171017
262,2025-10-07,AMZN,220.8800048828125,222.88999938964844,220.1699981689453,221.77999877929688,31194700,220.51100006103516,223.85245897868384,32.797212870732366,-2.1407526105570014,31.715380316588277,24.672315616394666
263,2025-10-08,AMZN,222.9199981689453,226.72999572753903,221.19000244140625,225.22000122070312,46686000,221.01199951171876,223.9827010969714,40.5055406503183,-1.7539660916474134,50.689464789491126,36.353510635311856
264,2025-10-09,AMZN,225.0,228.2100067138672,221.75,227.7400054931641,46412100,221.97100067138672,224.3405396108945,44.48704487935581,-1.2299140212894883,80.53645001437745,54.31376504015228
265,2025-10-10,AMZN,226.2100067138672,228.25,216.0,216.3699951171875,72367500,221.63000030517577,223.58144013530335,36.41409168669132,-1.712325175402725,3.0203683035714284,44.74876103581334
266,2025-10-13,AMZN,217.6999969482422,220.67999267578125,217.0399932861328,220.07000732421875,37809700,221.4200012207031,223.24701796281911,49.16274384788499,-1.775611286179526,33.22454958545919,38.927122634469356
267,2025-10-14,AMZN,215.55999755859372,219.32000732421875,212.6000061035156,216.38999938964844,45665600,221.10200042724608,222.5939685748981,45.38647070574385,-2.098521421469769,24.217218940796013,20.154045609942212
268,2025-10-15,AMZN,216.6199951171875,217.7100067138672,212.66000366210935,215.57000732421875,45909500,220.59600067138672,221.92501988435723,46.78786805718086,-2.393011391130642,18.97765098407055,25.47313983677525
269,2025-10-16,AMZN,215.6699981689453,218.58999633789065,212.80999755859372,214.47000122070312,42414600,219.8020004272461,221.21501810686635,43.30053896628437,-2.684216140391783,11.948855249123143,18.381241724663237
270,2025-10-17,AMZN,214.55999755859372,214.8000030517578,211.02999877929688,213.0399932861328,45877900,219.15500030517578,220.43644431441552,38.194990293100986,-2.995853358777026,11.672441140244388,14.19964912447936
